{
  "loss": [
    4.407358124449447,
    3.5298613095068716,
    3.2179476151595243,
    3.030627210934957,
    2.902193420642131,
    2.800768482792485,
    2.7192388407818906,
    2.6463883223834337,
    2.5868749092291066,
    2.5323002757252873,
    2.484283176628319,
    2.437718776969222,
    2.39649333610191,
    2.358230322330922,
    2.3219344508540525,
    2.285751722954415,
    2.258246237093264,
    2.2265919307330706,
    2.1973199167767086,
    2.1701656161127865,
    2.1440004153294607,
    2.116740951666961,
    2.092799697910343,
    2.066805346055074,
    2.044439781893481,
    2.0222925006806314,
    2.0003820254996016,
    1.980730217319351,
    1.9577433477650892,
    1.9392202528747353,
    1.9184204839371346,
    1.9018068437103752,
    1.8834580102482357,
    1.863378705742123,
    1.8462918309478071,
    1.8266140893772915,
    1.8127863305109042,
    1.7944430547791559,
    1.7765504100301244,
    1.7628840723553219,
    1.7452028737411842,
    1.7324048731778119,
    1.715598547780836,
    1.6997108899795257,
    1.6832174819868964,
    1.6725785667831834,
    1.6561916867891948,
    1.6430147692963883,
    1.6295993644911964,
    1.613826188955221
  ],
  "train_bleu": [],
  "val_bleu": [
    0.23316095235938336,
    0.24891037952982373,
    0.24630470090328296,
    0.24485379971778115,
    0.2582862461456887,
    0.25791153566671887,
    0.26326765295172605,
    0.2639183931644188,
    0.26351892752332534,
    0.2702471346573094,
    0.27130758738374444,
    0.27050732554238033,
    0.27885918570830753,
    0.2797904553743934,
    0.2771896404146545,
    0.2736761903350478,
    0.2757639058902099,
    0.2833169551204929,
    0.28095263910996315,
    0.28997985885221506,
    0.2872409433546251,
    0.2827822218678901,
    0.28826643442557404,
    0.291136739825568,
    0.2895961999030224,
    0.28735474899929864,
    0.2945204146765455,
    0.2899748544319304,
    0.2914914034999656,
    0.29148723398944176,
    0.298596417151169,
    0.2995499607692816,
    0.2928035965621061,
    0.29773406411837144,
    0.29412494729326794,
    0.2952820401559636,
    0.3008480801499865,
    0.29415173437416986,
    0.30332168800360765,
    0.30115444840813116,
    0.2971106130970826,
    0.3042792849048185,
    0.2984480123224969,
    0.3020926043043796,
    0.3047515841538917,
    0.3008400766453567,
    0.3034717239525424,
    0.30411813310189395,
    0.30347581436494014,
    0.30652050777530426
  ]
}